{"@id":"https://ci.nii.ac.jp/books/opensearch/search?format=json&title=python","@graph":[{"title":"CiNii Books OpenSearch - python","description":"CiNii Books OpenSearch - python","link":{"@id":"https://ci.nii.ac.jp/books/opensearch/search?format=json&title=python"},"items":[{"title":"Python programming","link":{"@id":"https://ci.nii.ac.jp/ncid/BB25249713"},"@id":"https://ci.nii.ac.jp/ncid/BB25249713","@type":"item","rdfs:seeAlso":{"@id":"https://ci.nii.ac.jp/ncid/BB25249713.json"},"dc:date":"2017","dc:creator":"Anthony S. Williams","dc:publisher":["Anthony S. Williams"],"prism:publicationDate":"2017","dcterms:hasPart":[{"@id":"urn:isbn:9781978317116"}],"cinii:ownerCount":"1"},{"title":"Python pocket reference","link":{"@id":"https://ci.nii.ac.jp/ncid/BB04988865"},"@id":"https://ci.nii.ac.jp/ncid/BB04988865","@type":"item","rdfs:seeAlso":{"@id":"https://ci.nii.ac.jp/ncid/BB04988865.json"},"dc:date":"2009","dc:creator":"Mark Lutz","dc:publisher":["O'Reilly"],"prism:publicationDate":"2009","dcterms:hasPart":[{"@id":"urn:isbn:9780596158088"}],"cinii:ownerCount":"1"},{"title":"Beginning Python : using Python 2.6 and Python 3.1","link":{"@id":"https://ci.nii.ac.jp/ncid/BB28109583"},"@id":"https://ci.nii.ac.jp/ncid/BB28109583","@type":"item","rdfs:seeAlso":{"@id":"https://ci.nii.ac.jp/ncid/BB28109583.json"},"dc:date":"2010","dc:creator":"James Payne","dc:publisher":["Wiley"],"prism:publicationDate":"2010","dcterms:isPartOf":[{"@id":"https://ci.nii.ac.jp/ncid/BA50525010","dc:title":"Programmer to programmer"}],"dcterms:hasPart":[{"@id":"urn:isbn:9780470414637"}],"cinii:ownerCount":"1"},{"title":"Quantum computing with python","link":{"@id":"https://ci.nii.ac.jp/ncid/BC12045831"},"@id":"https://ci.nii.ac.jp/ncid/BC12045831","@type":"item","rdfs:seeAlso":{"@id":"https://ci.nii.ac.jp/ncid/BC12045831.json"},"dc:date":"2021","dc:creator":"Jason Test, Mark Broker","dc:publisher":["[s.n.]","[Amazon]"],"prism:publicationDate":"2021","dcterms:hasPart":[{"@id":"urn:isbn:9798723553446"}],"cinii:ownerCount":"1"},{"title":"Python × math series","link":{"@id":"https://ci.nii.ac.jp/ncid/BB26860151"},"@id":"https://ci.nii.ac.jp/ncid/BB26860151","@type":"item","rdfs:seeAlso":{"@id":"https://ci.nii.ac.jp/ncid/BB26860151.json"},"dc:publisher":["技術評論社"],"cinii:ownerCount":"0"},{"title":"The Pythons : autobiography","link":{"@id":"https://ci.nii.ac.jp/ncid/BA75737926"},"@id":"https://ci.nii.ac.jp/ncid/BA75737926","@type":"item","rdfs:seeAlso":{"@id":"https://ci.nii.ac.jp/ncid/BA75737926.json"},"dc:date":"2005","dc:creator":"by the Pythons, Graham Chapman ... [et al.], with Bob McCabe","dc:publisher":["Orion Books"],"prism:publicationDate":"2005","dcterms:hasPart":[{"@id":"urn:isbn:0752864254"}],"cinii:ownerCount":"1"},{"title":"Python pocket reference","link":{"@id":"https://ci.nii.ac.jp/ncid/BC03460672"},"@id":"https://ci.nii.ac.jp/ncid/BC03460672","@type":"item","rdfs:seeAlso":{"@id":"https://ci.nii.ac.jp/ncid/BC03460672.json"},"dc:date":"2014","dc:creator":"Mark Lutz","dc:publisher":["O'Reilly"],"prism:publicationDate":"2014","dcterms:hasPart":[{"@id":"urn:isbn:9781449357016"}],"cinii:ownerCount":"2"},{"title":"Writing Idiomatic Python","link":{"@id":"https://ci.nii.ac.jp/ncid/BB24342010"},"@id":"https://ci.nii.ac.jp/ncid/BB24342010","@type":"item","rdfs:seeAlso":{"@id":"https://ci.nii.ac.jp/ncid/BB24342010.json"},"dc:date":"2013","dc:creator":"Jeff Knupp","dc:publisher":["[CreateSpace]"],"prism:publicationDate":"2013","dcterms:hasPart":[{"@id":"urn:isbn:9781482372175"}],"cinii:ownerCount":"1"},{"title":"Python tricks : the book","link":{"@id":"https://ci.nii.ac.jp/ncid/BC09799255"},"@id":"https://ci.nii.ac.jp/ncid/BC09799255","@type":"item","rdfs:seeAlso":{"@id":"https://ci.nii.ac.jp/ncid/BC09799255.json"},"dc:date":"2016","dc:creator":"Dan Bader","dc:publisher":["[s.n.]"],"prism:publicationDate":"2016","dcterms:hasPart":[{"@id":"urn:isbn:9781775093305"}],"cinii:ownerCount":"2"},{"title":"Python projects for beginners : a ten-week bootcamp approach to Python programming","link":{"@id":"https://ci.nii.ac.jp/ncid/BC0254674X"},"@id":"https://ci.nii.ac.jp/ncid/BC0254674X","@type":"item","rdfs:seeAlso":{"@id":"https://ci.nii.ac.jp/ncid/BC0254674X.json"},"dc:date":"2020","dc:creator":"Connor P. Milliken","dc:publisher":["Apress"],"prism:publicationDate":"2020","dcterms:hasPart":[{"@id":"urn:isbn:9781484253540"}],"cinii:ownerCount":"1"},{"title":"Python入門","link":{"@id":"https://ci.nii.ac.jp/ncid/BA3509260X"},"@id":"https://ci.nii.ac.jp/ncid/BA3509260X","@type":"item","rdfs:seeAlso":{"@id":"https://ci.nii.ac.jp/ncid/BA3509260X.json"},"dc:date":"1998","dc:creator":"マーク・ルッツ著 ; 村山敏夫訳","dc:publisher":["オライリー・ジャパン","オーム社(発売)"],"prism:publicationDate":"1998","dcterms:hasPart":[{"@id":"urn:isbn:4900900559"}],"cinii:ownerCount":"87"},{"title":"Python algorithms : mastering basic algorithms in the Python language","link":{"@id":"https://ci.nii.ac.jp/ncid/BB2117795X"},"@id":"https://ci.nii.ac.jp/ncid/BB2117795X","@type":"item","rdfs:seeAlso":{"@id":"https://ci.nii.ac.jp/ncid/BB2117795X.json"},"dc:date":"2014","dc:creator":"Magnus Lei Hetland","dc:publisher":["Apress"],"prism:publicationDate":"2014","dcterms:isPartOf":[{"@id":"https://ci.nii.ac.jp/ncid/BB18446780","dc:title":"The expert's voice in python"}],"dcterms:hasPart":[{"@id":"urn:isbn:9781484200568"}],"cinii:ownerCount":"3"},{"title":"Programming ArcGIS Pro with Python : automate your ArcGis Pro geoprocessing tasks with Python","link":{"@id":"https://ci.nii.ac.jp/ncid/BC11953584"},"@id":"https://ci.nii.ac.jp/ncid/BC11953584","@type":"item","rdfs:seeAlso":{"@id":"https://ci.nii.ac.jp/ncid/BC11953584.json"},"dc:date":"2021","dc:creator":"Eric Pimpler","dc:publisher":["‎GeoSpatial"],"prism:publicationDate":"2021","dcterms:hasPart":[{"@id":"urn:isbn:9798740349961"}],"cinii:ownerCount":"1"},{"title":"Programming ArcGIS Pro with Python : automate your ArcGis Pro geoprocessing tasks with Python","link":{"@id":"https://ci.nii.ac.jp/ncid/BC08233496"},"@id":"https://ci.nii.ac.jp/ncid/BC08233496","@type":"item","rdfs:seeAlso":{"@id":"https://ci.nii.ac.jp/ncid/BC08233496.json"},"dc:date":"2021","dc:creator":"Eric Pimpler","dc:publisher":["‎[Independently published]"],"prism:publicationDate":"2021","dcterms:hasPart":[{"@id":"urn:isbn:9798740349961"}],"cinii:ownerCount":"1"},{"title":"Programming Python","link":{"@id":"https://ci.nii.ac.jp/ncid/BB04719331"},"@id":"https://ci.nii.ac.jp/ncid/BB04719331","@type":"item","rdfs:seeAlso":{"@id":"https://ci.nii.ac.jp/ncid/BB04719331.json"},"dc:date":"2010","dc:creator":"Mark Lutz","dc:publisher":["O'Reilly"],"prism:publicationDate":"2010","dcterms:hasPart":[{"@id":"urn:isbn:9780596158101"}],"cinii:ownerCount":"10"},{"title":"Python in 24 hours","link":{"@id":"https://ci.nii.ac.jp/ncid/BA55908673"},"@id":"https://ci.nii.ac.jp/ncid/BA55908673","@type":"item","rdfs:seeAlso":{"@id":"https://ci.nii.ac.jp/ncid/BA55908673.json"},"dc:date":"2000","dc:creator":"Ivan Van Laningham","dc:publisher":["Sams"],"prism:publicationDate":"2000","dcterms:isPartOf":[{"@id":"https://ci.nii.ac.jp/ncid/BA50764237","dc:title":"Sams teach yourself in 24 hours"}],"dcterms:hasPart":[{"@id":"urn:isbn:0672317354"}],"cinii:ownerCount":"1"},{"title":"初めてのPython","link":{"@id":"https://ci.nii.ac.jp/ncid/BA69712807"},"@id":"https://ci.nii.ac.jp/ncid/BA69712807","@type":"item","rdfs:seeAlso":{"@id":"https://ci.nii.ac.jp/ncid/BA69712807.json"},"dc:date":"2004","dc:creator":"Mark Lutz, David Ascher著 ; 夏目大訳","dc:publisher":["オライリー・ジャパン","オーム社 (発売)"],"prism:publicationDate":"2004","dcterms:hasPart":[{"@id":"urn:isbn:4873112109"}],"cinii:ownerCount":"113"},{"title":"Learning data mining with Python : use Python to manipulate data and build predictive models","link":{"@id":"https://ci.nii.ac.jp/ncid/BB28995559"},"@id":"https://ci.nii.ac.jp/ncid/BB28995559","@type":"item","rdfs:seeAlso":{"@id":"https://ci.nii.ac.jp/ncid/BB28995559.json"},"dc:date":"2017","dc:creator":"Robert Layton","dc:publisher":["Packt"],"prism:publicationDate":"2017","dcterms:hasPart":[{"@id":"urn:isbn:9781787126787"}],"cinii:ownerCount":"1"},{"title":"Maya Python for games and film : a complete reference for Maya Python and the Maya Python API","link":{"@id":"https://ci.nii.ac.jp/ncid/BB11324253"},"@id":"https://ci.nii.ac.jp/ncid/BB11324253","@type":"item","rdfs:seeAlso":{"@id":"https://ci.nii.ac.jp/ncid/BB11324253.json"},"dc:date":"2012","dc:creator":"Adam Mechtley, Ryan Trowbridge","dc:publisher":["M. Kaufmann"],"prism:publicationDate":"2012","dcterms:hasPart":[{"@id":"urn:isbn:9780123785787"}],"cinii:ownerCount":"2"},{"title":"入門Python3","link":{"@id":"https://ci.nii.ac.jp/ncid/BC06514417"},"@id":"https://ci.nii.ac.jp/ncid/BC06514417","@type":"item","rdfs:seeAlso":{"@id":"https://ci.nii.ac.jp/ncid/BC06514417.json"},"dc:date":"2021","dc:creator":"Bill Lubanovic著 ; 鈴木駿監訳 ; 長尾高弘訳","dc:publisher":["オライリー・ジャパン","オーム社(発売)"],"prism:publicationDate":"2021","dcterms:hasPart":[{"@id":"urn:isbn:9784873119328"}],"cinii:ownerCount":"50"}],"@id":"https://ci.nii.ac.jp/books/opensearch/search?format=json&title=python","@type":"channel","dc:date":"2022-06-10T19:41:14+09:00","opensearch:totalResults":"1325","opensearch:startIndex":"0","opensearch:itemsPerPage":"20"}],"@context":{"dc":"http://purl.org/dc/elements/1.1/","rdf":"http://www.w3.org/1999/02/22-rdf-syntax-ns#","opensearch":"http://a9.com/-/spec/opensearch/1.1/","rdfs":"http://www.w3.org/2000/01/rdf-schema#","dcterms":"http://purl.org/dc/terms/","prism":"http://prismstandard.org/namespaces/basic/2.0/","cinii":"http://ci.nii.ac.jp/ns/1.0/","@vocab":"http://purl.org/rss/1.0/"}}